<?xml version="1.0" encoding="UTF-8"?>
<project-private xmlns="http://www.netbeans.org/ns/project-private/1">
    <editor-bookmarks xmlns="http://www.netbeans.org/ns/editor-bookmarks/2" lastBookmarkId="0"/>
    <open-files xmlns="http://www.netbeans.org/ns/projectui-open-files/2">
        <group>
            <file>file:/C:/Users/HP/Documents/NetBeansProjects/voiture/GLTFLoader.js</file>
            <file>file:/C:/Users/HP/Documents/NetBeansProjects/voiture/three.js</file>
            <file>file:/C:/Users/HP/Documents/NetBeansProjects/voiture/textures/material_1_baseColor.png</file>
            <file>file:/C:/Users/HP/Documents/NetBeansProjects/voiture/index.html</file>
            <file>file:/C:/Users/HP/Documents/NetBeansProjects/voiture/three.module.js</file>
        </group>
    </open-files>
</project-private>
